 ,book_name,publisher,author,publication_date,pages,isbn,description,link
1,주니어를 위한 최선의 코딩 학습 똑똑한 파이썬,코딩스쿨(인포앤북),황재호/황예린,2019-07-01,240,9791196440916,"주니어의 코딩 학습을 위한 최상의 파이썬 학습서
초등학교에서 스크래치, 엔트리 등의 블록코딩으로 알고리즘의 기초를 배우고 난 후 글자로 된 텍스트 코딩 단계에 들어가면 아이들이 어려워하게 된다. 이 책은 동물 일러스트를 활용하고 쉽고 재미있는 예제들을 많이 수록하여 아이들이 혼자서 재미있게 코딩을 공부할 수 있도록 하였다. 또한 이 책은 파이썬 코딩과 알고리즘에 대한 기초 지식이 없는 초등학교 고학년생과 중학생들을 대상으로 한 코딩 및 알고리즘 수업의 교재로 활용하기 적합하게 집필되었다.",http://codingschool.info/book/index.php?book=smart_python
2,Do it! C언어 입문,이지스퍼블리싱,김성엽,2017-01-10,576,9791187370703,"‘왜’ 쓰는지 모르면 의미 없다! 두 번 삽질하지 않게 도와주는 입문서!

실무 20년 강의 10년, 현업 프로그래머가 원리부터 알려준다!
결과만 알고 쓰는 사람은 원리를 알고 쓰는 사람을 절대 따라잡을 수 없다. C 언어를 처음 시작하는 출발선은 같지만 C 언어 문법 하나하나가 왜 만들어졌는지 원리를 이해하고 코딩하면 다르다. 프로그래머 취업 면접에서도 당당하고 “처음부터 다시 배워 와!” 소리는 듣지 않을 것이다.
《Do it! C 언어 입문》은 270개 그림으로 프로그래밍의 기초 원리를 이해하고, 120개 예제로 직접 코딩하며 느끼고, 1분 퀴즈로 방금 배운 개념을 바로 소화한다. 혼자 시작하기 두렵다고? 걱정하지 말자! 저자의 온라인 커뮤니티에서 저자는 물론 C 언어를 먼저 공부한 선배들도 만날 수 있다. 코딩하다 혼자 끙끙 앓지 말고 비빌 구석 있는 이 책으로 시작하자! ​",http://www.easyspub.co.kr/20_Menu/BookView/122/PUB
3,Do it! 쉽게 배우는 R 데이터 분석,이지스퍼블리싱,김영우,2017-07-20,376,9791187370949,"통계, 프로그래밍을 1도 몰라도 데이터를 혼자서 다룰 수 있다!

데이터 분석 프로젝트 전 과정 수록!

 

데이터 분석을 처음 시작한 초보자도 어깨춤을 추며 데이터를 혼자 다룰 수 있게 한다는 강의가 책으로 출간되었다. 통계, 프로그래밍, 데이터 분석을 전혀 몰라도 「Do it! 쉽게 배우는 R 데이터 분석」을 통해 R로 최근 주목받고 있는 데이터 분석 기법들을 재미있게 배울 수 있다. 이 책은 데이터 정제, 가공, 분석부터 그래프 그리기까지 실제 현업에서 데이터 분석 프로젝트를 할 때와 같은 모든 과정을 직접 해볼 수 있다. 쉬운 예제부터 차근차근 실습을 하다 보면 어렵게 느껴졌던 R 코드에 익숙해지고, 끝에 가서는 자신만의 훌륭한 데이터 분석 프로젝트를 완수하게 된다!",http://www.easyspub.co.kr/20_Menu/BookView/138/PUB
4,Do it! 딥러닝 입문,이지스퍼블리싱,박해선,2019-09-20,328,9791163031093,"정직하게 코딩하며

딥러닝을 빠르게 정면 돌파하자!

 

이 책은 어설픈 지름길을 담지 않았다. 공부는 했는데 남는 게 없으면 안 되니까! 실무에서 제대로 알고 써야 하니까! 국내 6명뿐인 구글 인증 머신러닝 전문가(ML GDE; Machine Learning Google Developer Experts)이자 인공지능 분야 서적, 최다 번역을 진행한 박해선 선생이 이번에는 딥러닝 입문서를 집필했다.",http://www.easyspub.co.kr/20_Menu/BookView/325/PUB
5,Do it! 리액트 프로그래밍 정석,이지스퍼블리싱,박호준,2020-02-07,656,9791163031451,"실리콘밸리 리액트 클래스를 그대로 담았다!
에어비앤비 프런트엔드 리드에게 배우는 리액트 프로그래밍!
전 세계의 뛰어난 개발자들이 모여 일한다는 실리콘밸리! 실리콘밸리에서도 핫한 기업인 ‘에어비앤비’에서 프런트엔드 리드로 활약하는 저자에게 리액트를 배워 보자. 《Do it! 리액트 프로그래밍 정석》은 저자가 한국 소프트웨어 기술 진흥 협회에서 진행한 리액트 오프라인 강의를 정리하고 보강하여 만든 책이다.
이 책은 리액트에 대한 전반적인 내용은 물론이고 프런트엔드 프로그래밍 기법과 클라우드 데이터베이스 적용, 서비스 배포까지 다뤄 프런트엔드 프로그래밍에 도전하려는 사람이라면 첫 번째 교과서로 삼아도 좋다. 자주 나올 만한 질문은 ‘도와줘요! 저스틴’ 코너에서 소개하고, 추상적인 내용은 그림으로 독자의 이해를 도왔다. 책의 최종 목표인 ‘가상 코인 거래소 만들기’ 프로젝트에는 리팩토링과 같은 실무 과정도 포함해 ‘진짜 에어비앤비 개발자의 실무 감각’도 익힐 수 있다.​ ",http://www.easyspub.co.kr/20_Menu/BookView/355/PUB
6,Do it! 파이썬 생활 프로그래밍,이지스퍼블리싱,김창현,2020-07-27,296,9791163031734,"뼛속까지 문과생인 지리학 박사가 집필한 파이썬 생활 프로그래밍 책!

웹 크롤링부터 데이터 분석까지, 11가지 프로그램을 내 손으로 직접 만든다!

 

이 책은 생활 프로그래머 김창현 박사가 일상과 업무에서 파이썬 프로그래밍을 활용한 경험을 바탕으로 만들어졌습니다. 가장 쉬운 활용법인 계산기부터 미드 ‘프렌즈’에서 대사 추출, 아파트 실거래가 통계 분석, 포털 사이트 기사 수집까지 총 11개 프로그램을 직접 만들어 볼 수 있습니다. 이 프로그램들은 파이썬 문법을 한 번이라도 배운 적이 있는 사람이라면 누구나 따라 할 수 있는 수준으로 설계했습니다. 또한, 각각의 프로그램은 우리 삶과 밀접한 생활 속 주제이므로 프로그램의 동작 방식을 이해하려고 억지로 애쓰지 않아도 됩니다.

이 책은 파이썬 입문서와 함께 보면서 프로그래밍 감각을 기르는 사람, 또는 공부나 업무에 필요한 프로그램을 직접 개발해 보고 싶은 사람에게 적합합니다. 또한, 이미 다른 언어에 익숙한 개발자가 파이썬을 빠르게 습득하고 싶을 때 지루한 문법서보다 즐겁게 배울 수 있습니다. ‘구슬이 서 말이어도 꿰어야 보배’라는 속담처럼 파이썬 문법 공부를 마쳤다면 이제 나만의 유용한 프로그램을 직접 만들어 보세요.​

",http://www.easyspub.co.kr/20_Menu/BookView/384/PUB
7,Do it! HTML5 + CSS3 웹 표준의 정석,이지스퍼블리싱,고경희,2021-01-22,648,9791163032212,"--------------------------

웹 분야 1위! 그만한 이유가 있다!

키보드를 잡고 실습하다 보면 

웹 개발의 3대 기술이 끝난다!

--------------------------

웹의 기본을 한 권으로 끝낼 수 있는 책이 탄생했다! 8년 연속 웹 분야 도서 1위인 《Do it! HTML5+CSS3 웹 표준의 정석》의 고경희 저자는 ‘HTML, CSS, 자바스크립트를 한 권으로’ 배우고 싶다는 많은 독자의 요구를 모아 최신 경향을 반영한 이 책을 집필했다. 웹 개발을 시작하는 입문자도 쉽게 실습할 수 있고, 중요한 문법만 다시 공부하고 싶은 중∙고급자에게도 도움이 된다.

친절한 설명은 기본! 핵심만 쏙쏙 뽑아서 실무에 바로 사용할 수 있는 예제도 풍성하게 담겨 있다. 또한 최신 웹 표준 기술인 HTML5, CSS3, 자바스크립트(ES6)를 기준으로 설명하며 책의 모든 내용을 압축한 최종 프로젝트 〈웹 사이트 만들기〉 PDF 전자책을 무료로 추가 제공한다. 수많은 독자가 입을 모아 ‘웹 분야의 교과서’라고 부르는 이유를 지금 확인해 보자!",http://www.easyspub.co.kr/20_Menu/BookView/421/PUB
8,Do it! 자바스크립트 + 제이쿼리 입문,이지스퍼블리싱,정인용,2014-07-31,572,9788997390434,"자바스크립트와 제이쿼리의 기본과 핵심 기능을 쉽게 배울 수 있는 책!

웹과 서버 개발부터 애플리케이션 개발에 이르기까지 자바스크립트와 제이쿼리는 이제 모든 영역의 필수 언어로 자리 잡고 있다. 《Do it! 자바스크립트 + 제이쿼리 입문》은 자바스크립트를 처음 접하는 웹 퍼블리셔와 웹 디자이너, 기획자, 개발자가 쉽고 알차게 배울 수 있도록 자바스크립트, 제이쿼리 기본 문법부터 실무 활용법까지 꼭 알아야 할 내용을 모두 담았다.

여러 웹사이트 개발은 물론, HTML, CSS, 자바스크립트, 제이쿼리 등 강의를 해온 저자가 실무에서 필요한 것을 고려하여 200여 개의 예제를 만들었다! 이 핵심 예제들은, 현장에서 꼭 필요한 지식을 빠르게 익히도록 도와줄 것이다. 또한 각 장에서 중요한 내용은 무료 동영상으로 제공하여 더 쉽고 편하게 공부할 수 있도록 하였다.",http://www.easyspub.co.kr/20_Menu/BookView/45/PUB
9,파이썬 기초 데이터 분석 * 시각화 예제중심의 파이썬 입문,인포앤북,황재호,2020-04-20,504,9791196440923,"『파이썬 입문』은 프로그래밍 초보자나 파이썬을 처음 접하는 프로그래머를 대상으로 파이썬과 데이터 분석/시각화의 기초를 확립할 수 있게 하였다.
",http://www.infonbook.com/shop/detail.php?pno=072B030BA126B2F4B2374F342BE9ED44&rURL=http%3A%2F%2Fwww.infonbook.com%2Fshop%2Fbig_section.php%3Fcno1%3D1001&ctype=1&cno1=1001
10,파이썬으로 데이터 주무루기,비제이퍼블리싱,민형기,2018-01-08,340,9791186697474,"

독특한 예제를 통해 배우는 데이터 분석 입문

 

이 책은 누구나 한 권 이상 가지고 있을 파이썬 기초 문법책과 같은 내용이 아닌, 데이터 분석이라는 특별한 분야에서 초보를 위해 처음부터 끝까지 파이썬으로 진행되는 과정을 다룹니다. 서울시 범죄 현황 분석, 셀프 주유소 가격 정보 분석, 19대 대선 결과 분석 등 흥미 있는 목표를 이루기 위해서 파이썬의 기초를 익히고, 데이터를 다루고 분석하는 데 필요한 과정을 대화 형식으로 전개하면서 필요한 기초 내용은 그때 그때 습득하고자 합니다. 마치 파이썬에 대해 잘 모르는 독자가 구글에서 검색하며 코드 한 줄 한 줄을 완성해가는 느낌으로 기술했습니다.
대부분의 장에는 뚜렷한 목표가 있습니다. 항상 시작은 데이터를 얻는 법을 먼저 다루게 되고, 그 데이터를 정제하거나 변경해가며 목표를 이루는 과정을 보여줍니다. 필요하다면 해당 모듈의 튜토리얼을 가지고 와서 기초를 설명하고자 합니다. 아마 이 책을 다 읽고 나면 파이썬이, 또 파이썬으로 수행하는 데이터 분석의 세계가 아주 흥미롭다는 것을 알게 될 것입니다.
",https://bjpublic.tistory.com/287
11,당신이 지금 알아야할 AWS,비제이퍼블리싱,"이영호,한동수",2019-05-31,436,9791190014304,"가장 강력한 클라우드 서비스를 경험하기 위한

최고의 AWS 가이드

 

클라우드나 AWS에 대한 지식은 인터넷에서 몇 번 클릭하는 것만으로도 다양하게 얻을 수 있다. 하지만 다른 IT 분야가 그렇듯 시작하려면 여러 기술적인 어려움에 마주하게 된다. 최근 AWS에 대한 기술 도서들이 많이 출간되었지만 초보자들이 복잡한 클라우드 인프라를 익히는 것은 쉽지 않은 일이다.

 

이 책은 AWS 컴퓨팅 기술과 핵심적인 서비스들을 그림과 아키텍처 중심으로 쉽게 따라하는 단계별 실습으로 구성되어 있다. 더 나아가 모든 서비스 실습에 클라우드 입문자들이 고민하는 과금(비용) 문제에 대한 해결책을 제시했다. 단지 클릭 몇 번으로 따라 하는 실습을 통해 간단한 SaaS 구축에서 스토리지, 빅데이터 분석, 마이크로서비스, 도커 컨테이너 서비스까지 AWS 클라우드의 기본과 최신 기술들을 완벽하게 체험할 수 있다.


",https://bjpublic.tistory.com/329
12,구글 클라우드 플랫폼 뽀개기,비제이퍼블리싱,박정운,2019-07-31,744,9791190014403,"인프라, 데이터베이스, 머신러닝 개발을 위한 최적 솔루션  

 

구글 클라우드는 구글의 대표적인 클라우드 서비스로, 누구나 유튜브, 지메일, 구글 지도와 같은 글로벌 규모의 구글 서비스와 동일한 인프라에서 안정적으로 작업을 할 수 있도록 해줍니다. 구글 클라우드를 이용하면 구글의 뛰어난 AI 및 ML 기술을 많은 사전 지식이 없는 상황에서도 손쉽게 이용할 수 있습니다. 

 

또한 BigQuery와 같은 빅데이터 제품군을 활용하여 뛰어난 확장성, 성능, 비용 효율성을 가지고 빅데이터를 처리할 수 있으며, 다양한 서버리스 제품을 활용하면 인프라에 대한 고민을 할 필요 없이 낮은 비용으로 손쉽게 도입하고 사용할 수 있습니다. 구글 클라우드를 처음 접하는 분들도 이 책을 통해 구글 클라우드의 기본 개념 및 여러 서비스를 쉽게 이해하게 될 것입니다. 



",https://bjpublic.tistory.com/332
13,라즈베리파이로 시작하는 핸드메이드 IoT,비제이퍼블리싱,임근식,2019-09-27,448,9791190014489,"메이커를 위한 최고의 선택

  

이 책은 독자들이 온라인 쇼핑몰들을 통하여 쉽게 접할 수 있는 라즈베리파이 보드를 활용한다. 백 번 읽는 것보다 한 번 해보는 것이 유익하다는 철학 아래 다양한 예제들을 학습할 수 있도록 내용을 충실히 구성하였다.

현대는 ‘누가 많이 알고 있는가?’ 보다 ‘누가 참신한 아이디어를 만들었는가?’에 더 의미와 가치를 부여하는 시대이다. 즉 다가오는 미래 사회는 이미 알려진 문제와 해답을 열심히 암기하는 인재보다 새로운 가치를 창출하기 위하여 독창적인 아이디어를 제시하고 실현할 수 있는 인재상을 원하고 있다. 더욱이 모든 기존의 산업들이 자동화와 인공지능으로 고도화되는 시점에서 스스로 새로운 미래를 만들어가기 위한 메이커(Maker)의 자질을 갖추는 것이 더욱더 중요해질 것이다. 이러한 미래 메이커의 주역이 되기 위해 이 책은 마치 가뭄의 단비처럼 큰 지렛대 구실을 하는 지침서 역할을 할 것이다.



",https://bjpublic.tistory.com/337
14,스무디 한잔 마시며 끝나는 React Native,비제이퍼블리싱,김정헌,2019-11-22,500,9791190014629,"단순하지만 강력한 앱을 원한다면,
앱 개발을 위한 최고의 선택

  

최근 서비스를 개발하기 위해서는 웹뿐만 아니라 iOS, 안드로이드 앱을 제공해야 한다. 이 모든 것을 하나의 언어로 개발할 수 있으면 얼마나 좋을까? 이 질문에 대한 최고의 대답이 이 책에 담겨 있다. 이 책을 통해 자바스크립트를 사용하는 React Native를 공부하게 되면, 웹 서비스는 물론이고 iOS, 안드로이드 앱 개발까지 할 수 있게 된다는 것이다.

이 책에서는 실전에서도 사용할 수 있는 다양한 예제를 통해 React Native로 앱을 개발하는 방법에 대해서 소개하고 있다. 단순히 앱을 개발하는 것을 떠나, React의 중요 개념도 확인할 수 있다.



",https://bjpublic.tistory.com/343
15,파이썬으로 무인도 탈출하기,생능출판,"박정호, 안해민 ,반찬솔",2019-08-16,216,9788970509853,"재미있는 이야기로 풀어나가는 코딩~


파이썬은 초보자부터 전문가까지 폭넓은 사용자층을 보유하고 있습니다. 다른 프로그래밍 언어보다 인간 언어와 유사하여 배우기 쉽기 때문입니다. 이 책은 프로그래밍을 전혀 해본 적이 없는 초보자도 파이썬을 쉽게 배울 수 있는 책입니다. 특히 코딩을 처음 시작하는 초등학교 고학년 또는 중학생 독자층을 위해 스토리텔링 요소를 반영하였습니다. 어려운 코딩 이론을 배우기보다는 이야기 속의 주어진 문제를 해결하면서 코딩 실력을 쌓아갈 수 있습니다. 엔트리나 스크래치 등 블록형 코딩을 해본 분에게도 텍스트형 코딩으로 가는 길잡이가 되어주고자 합니다. 책만으로도 쉽게 따라 할 수 있지만, 학습에 어려움을 겪을 수 있는 분을 위해 유튜브 동영상과 프로그램 예제 소스를 무료로 제공하고 있습니다.",https://booksr.co.kr/html/book/book.asp?seq=697129
16,시간순삭 파이썬,생능출판,"천인국,정영민,최자영",2020-08-27,448,9788970504650,"이 책은 프로그래밍을 처음 시작하거나 너무 어려워 기초부터 다시 배우고 싶은 학습자도 따라올 수 있도록 쉽고 친근하게 설명된 책이다. 기초부터 차근차근 알려주고 있으며, 중등교육과정의 수학, 과학 등의 교과에서 다루는 친근한 소재를 융합적으로 다루어 실습 예제인 LAB으로 제공하고 있다. 이 책을 읽게 된다면 파이썬이 얼마나 재미있는 프로그래밍 언어인지 알게 될 것이다!",https://www.booksr.co.kr/
17,모두의 알고리즘 with 파이썬,길벗,이승찬,2017-05-18,236,9791160501728,"인공지능이 일자리를 대체하는 시대가 되면서, 코딩 교육과 컴퓨팅 사고의 중요성이 나날이 커지고 있다. 그리고 그 중심에는 ‘알고리즘’이 있다. 도대체 알고리즘이란 무엇이며 왜 배워야 할까?

『모두의 알고리즘 with 파이썬』은 중요하지만 어려운 주제인 알고리즘을 초보자와 비전공자가 배울 수 있게 최대한 전문 용어와 복잡한 수학을 사용하지 않고 설명한다. 또한, 간단한 문제를 풀면서 기초 알고리즘을 설명하기 때문에 쉽게 이해할 수 있다. 그동안 알고리즘을 배우고 싶었지만, 어려워서 주저했던 사람이라면 이 책을 통해 알고리즘이 무엇이며 어디에 어떻게 사용하는 것인지 감을 잡을 수 있을 것이다.",https://www.gilbut.co.kr/book/view?bookcode=BN001731&keyword=%EB%AA%A8%EB%91%90%EC%9D%98%20%EC%95%8C%EA%B3%A0%EB%A6%AC%EC%A6%98%20with%20%ED%8C%8C%EC%9D%B4%EC%8D%AC&collection=GB_BOOK
18,모두의 스크래치,길벗,문혜영,2017-07-28,364,9791160502268,"스크래치는 어린이와 청소년이 프로그래밍을 쉽게 익힐 수 있게 고안된 교육용 언어로, 현재는 전 연령층에서 많은 사람들이 사용한다.
[모두의 스크래치]는 초보자와 비전공자가 놀이하듯 재미있게 스크래치 프로그래밍을 익힐 수 있게 구성했다. 다양한 게임과 애니메이션을 만들면서 프로그래밍에 대한 두려움을 없애고, 어려운 문제도 직접 풀면서 프로그래밍 사고력과 문제 해결 능력도 키울 수 있다. [모두의 스크래치]로 프로그래밍하는 재미를 느껴 보자!",https://www.gilbut.co.kr/book/view?bookcode=BN001792&keyword=%EB%AA%A8%EB%91%90%EC%9D%98%20%EC%8A%A4%ED%81%AC%EB%9E%98%EC%B9%98&collection=GB_BOOK
19,모두의 딥러닝,길벗,조태호,2017-12-27,308,9791160503715,"딥러닝을 전혀 모르는 사람이 봐도 술술 읽을 수 있게 쉽게 설명한다. 또한, 딥러닝의 원리를 잘 보여주는 예제를 엄선하여 직관적인 몇 줄의 코드로 강력한 딥러닝을 구현해볼 수 있다. 다양하고 실질적인 예제를 통해 재미있게 학습할 수 있으며, 모든 예제는 가상 머신을 설치할 필요 없이 윈도 10에서 손쉽게 실행할 수 있어 편리하다. 복잡한 수식은 최대한 줄이고 고급 기술은 심화 학습에서 추가로 학습할 수 있게 단계별로 구성하였다. ‘이론 없는 실습’, ‘실습 없는 이론’이 아닌 이론과 실습 두 날개의 균형을 잡음으로써, 배운 내용을 올바로 이해하고 실전에서 제대로 써먹을 수 있도록 안내한다. 이 책을 읽고 나면 ‘나의 사례’에 적합한 딥러닝 모델을 구현할 수 있을 것이다.",https://www.gilbut.co.kr/book/view?bookcode=BN001909&keyword=%EB%AA%A8%EB%91%90%EC%9D%98%20%EB%94%A5%EB%9F%AC%EB%8B%9D&collection=GB_BOOK
20,모두의 SQL,길벗,김도연,2018-09-21,296,9791160505771,"난생처음 SQL로 데이터를 분석하고 가공해야 한다면?
 
인터넷이 발전하고 페이스북과 같은 소셜 미디어가 활성화되면서 데이터로 모든 것을 말하는 시대가 되었다. 하지만 데이터는 요술 방망이가 아니라 원하는 결과를 얻기 위해 가공해야 하는 원석일 뿐이다. [모두의 SQL]은 난생처음 SQL로 데이터를 분석하고 가공해야 하는 사람들을 대상으로 한다. 비전공 실무자가 가장 많이 사용하는 SQL 핵심 내용 위주로 설명하며, 예제 역시 자주 사용하는 내용 위주로 다양하게 구성되어 있다. 특히 마지막 장에서는 가상의 시나리오로 패밀리 레스토랑 매출 분석 프로젝트를 진행하면서 실무에서 SQL을 어떻게 사용하는지 경험할 수 있다. [모두의 SQL]로 누구나 쉽게 데이터 분석에 첫발을 내딛을 수 있을 것이다.",https://www.gilbut.co.kr/book/view?bookcode=BN002113&keyword=%EB%AA%A8%EB%91%90%EC%9D%98%20SQL&collection=GB_BOOK
21,모두의 데이터분석 with 파이썬,길벗,"송석리,이현아",2019-04-25,304,9791160507812,"“서울이 가장 더웠던 날은 언제였을까?”

“우리 동네에는 남성과 여성 중 어떤 성별이 더 많이 살고 있을까?”

”출근 시간대 사람들이 가장 많이 타고 내리는 역은 어디일까?“

 

데이터 분석의 시작은 관심 있는 데이터에 호기심을 가지는 것부터입니다. 이 책은 기온, 인구, 대중교통 같은 공공데이터를 활용한 데이터 분석 프로젝트를 진행합니다. 데이터 다운로드부터 정제, 문제 해결 방법 구상, 파이썬 코드로 구현까지 차근차근 진행하면서, 초보자가 데이터 분석의 성공적인 첫걸음을 내딛도록 도와줍니다. 이어서 막대그래프 그리기, 파이 차트 그리기, 버블 차트 그리기 같은 다양한 시각화 방법부터 numpy, pansdas 같은 라이브러리 활용법까지 다룹니다. 최소한의 파이썬 문법만을 사용하여 설명하므로 프로그래밍 경험이 적은 사람도 충분히 따라 할 수 있습니다. 이제 데이터 분석 전문가가 아니어도, 자신의 업무에서, 일생생활 속에서, 다양한 데이터를 스스로 분석하여 가치를 얻는 즐거움을 경험해 보세요!",https://www.gilbut.co.kr/book/view?bookcode=BN002416&keyword=%EB%AA%A8%EB%91%90%EC%9D%98%20%EB%8D%B0%EC%9D%B4%ED%84%B0%EB%B6%84%EC%84%9D%20with%20%ED%8C%8C%EC%9D%B4%EC%8D%AC&collection=GB_BOOK
22,모두의 C 언어,길벗,이형우,2019-08-02,372,9791160508550,"C 언어는 여러 프로그래밍 언어 중 가장 널리 사용되면서도 오래된 언어 중 하나다. 하지만 초보자가 접근하기에 결코 쉬운 언어가 아니다. 기본 개념을 이해하기도 벅찬데, 처음부터 두껍고 딱딱한 책으로 시작한다면 중간에 책을 덮을 확률이 매우 높다.

이 책은 프로그래밍을 모르는 초보자도 처음부터 끝까지 완독할 수 있도록 분량과 난이도를 맞추었다. 일상 생활의 비유를 들어 개념을 쉽게 설명하면서도, “왜 그럴까”, “왜 이렇게 사용해야만 하는가”에 대한 깊이 있는 설명을 빠트리지 않았다. 포인터나 동적 메모리 같은 추상적이고 낯선 개념을 친근하게 받아들일 수 있도록 175개의 컬러 일러스트를 수록한 것도 특징이다. 또한, 단계별 미션 문제를 해결하면서, 스스로 생각해보고 자신의 생각을 C 프로그램으로 작성할 수 있도록 구성하였다.

C 언어를 처음 배우는 사람부터 중간에 포기했던 사람, 다시 개념을 복습하고 싶은 사람까지 누구나 쉽고 재밌게 C 언어를 경험할 수 있도록 이 책이 안내할 것이다.",https://www.gilbut.co.kr/book/view?bookcode=BN002485&keyword=%EB%AA%A8%EB%91%90%EC%9D%98%20C%20%EC%96%B8%EC%96%B4&collection=GB_BOOK
23,모두의 인공지능 with 스크래치,길벗,이영호,2019-09-17,240,9791160509052,"인공지능을 이해하려면 꼭 어려운 프로그래밍 기술과 수학을 알아야 할까? 

<터미네이터>, <월-E> 같은 SF 영화 속에 등장하는 인공지능 로봇부터 우리 주변에 사용되는 인공지능의 예를 통해, 인공지능이 무엇이며 어떻게 학습해야 하는지 쉽게 설명한다. 그리고 왓슨을 만든 IBM의 '머신러닝 for 키즈'라는 도구와 교육용 프로그래밍 언어인 스크래치(Scratch)를 사용해 실제로 동작하는 인공지능 프로그램을 만들어 본다. 텍스트, 숫자, 이미지를 인식하는 4가지 프로젝트를 만들어 보고, 마이크로비트를 활용한 나만의 인공지능 수평계도 만들어 본다.

인공지능이 궁금했던 사람이라면 남녀노소 누구나 부담 없이 인공지능의 세계를 경험해 보자!",https://www.gilbut.co.kr/book/view?bookcode=BN002540&keyword=%EB%AA%A8%EB%91%90%EC%9D%98%20%EC%9D%B8%EA%B3%B5%EC%A7%80%EB%8A%A5%20with%20%EC%8A%A4%ED%81%AC%EB%9E%98%EC%B9%98&collection=GB_BOOK
24,모두의 스크래치 알고리즘,길벗,문혜영,2019-10-30,212,9791160509601,"알고리즘을 전혀 몰라도 괜찮아요!

누구나 이해할 수 있는 가장 쉬운 알고리즘 입문서

 

컴퓨팅 사고력의 핵심은 문제를 이해하고, 그 문제를 해결하는 방법과 절차를 생각하는 것입니다. 이처럼 ‘문제를 해결하는 방법과 절차’를 알고리즘이라고 합니다. 일상생활에서 발견할 수 있는 다양한 문제를 해결하는 알고리즘을 찾으면서 문제 해결력을 키우고 창의적인 생각을 할 수 있게 됩니다. 책에서는 알고리즘과 순서도 개념을 익힌 후 더하기, 빼기와 같은 산술 연산부터 최댓값 찾기, 최대공약수, 피보나치 수열 등 기초 수학을 푸는 다양한 알고리즘 원리를 알아봅니다. 또한, 한 단계 더 나아가 정렬과 검색 알고리즘을 익히며 프로그래밍 기초를 이해하고 사고력을 키울 수 있습니다.",https://www.gilbut.co.kr/book/view?bookcode=BN002604&keyword=%EB%AA%A8%EB%91%90%EC%9D%98%20%EC%8A%A4%ED%81%AC%EB%9E%98%EC%B9%98&collection=GB_BOOK
25,이것이 자바다,한빛출판네트워크,신용권,2015-01-06,1224,9788968481475,"“결론은 ‘자바’다. 가장 중요한 프로그래밍 언어를 하나 배워야 한다면,”

 

‘자바’ 세상
자바는 현재 웹 애플리케이션 개발에 가장 많이 사용되는 언어이고, 모바일 기기용 소프트웨어 개발에도 널리 사용되고 있다. 오늘날 전 세계인의 사랑을 받는 ‘안드로이드’의 애플리케이션이 바로 자바로 이루어져 있다. 국내 스마트폰의 90%가 안드로이드이니 바야흐로 지금은 ‘자바’ 세상임이 분명하다. 이것이 만약 여러분이 지금 가장 중요한 프로그래밍 언어를 하나 배워야 한다면 ‘자바’가 필연적인 결론으로 나오는 이유다.

 

자바 개발자로 가는 길
자바를 배우고자 하는 분들의 첫 번째 목표는 ‘자바 개발자가 되기 위해서’이다. 저자는 15년이 넘도록 이런 분들을 교육해왔다. 이 책은 자바 개발자가 되기 위해 첫발을 내딛는 분들이 쉽게 학습할 수 있도록 풍부한 개념 그림과 정확한 설명, 그리고 완벽한 인터넷 강의로 이해력을 돕는다. 여러분이 아래 세 가지만 준비한다면 자바 개발자로 가는 정확한 길을 보게 될 것이다.

하나, 새로운 것을 배우는 것에 대한 두려움이 없다.
둘, 자바를 배우기 위한 시간과 노력을 투자할 준비가 되어 있다.
셋, 집중도와 끈기가 있다.

이 책은 무료 인터넷 강의를 제공하며, 네이버 카페(http://cafe.naver.com/thisisjava)를 통해 Q/A를 제공한다.",https://www.hanbit.co.kr/store/books/look.php?p_code=B1460673937
26,혼자 공부하는 C언어,한빛출판네트워크,서현우,2019-06-10,664,9791162241868,"혼자 해도 충분하다! 1:1 과외하듯 배우는 C 프로그래밍 자습서

이 책은 독학으로 C 언어를 배우는 입문자가 ‘꼭 필요한 내용을 제대로’ 학습할 수 있도록 구성했다. ‘무엇을’ ‘어떻게’ 학습해야 할지조차 모르는 입문자의 막연한 마음을 살펴, 과외 선생님이 알려주듯 친절하게, 그러나 핵심적인 내용만 콕콕 집어준다. 책의 첫 페이지를 펼쳐서 마지막 페이지를 덮을 때까지, 혼자서도 충분히 C 언어를 배울 수 있다는 자신감과 확신이 계속될 것이다! 



19명의 베타리더 검증으로, ‘함께 만든’ 입문자 맞춤형 도서

19명의 베타리더와 함께 구성하여 입문자에게 맞는 난이도, 분량, 학습 요소 등을 적극 반영했다. 어려운 용어와 개념은 한번 더 풀어 쓰고, 복잡한 설명은 눈에 잘 들어오는 그림으로 풀어 냈다. ‘혼자 공부해본’ 여러 입문자의 초심과 눈높이가 책 곳곳에 반영된 것이 이 책의 가장 큰 장점이다.

 ",https://www.hanbit.co.kr/store/books/look.php?p_code=B1854329839
27,혼자 공부하는 파이썬,한빛출판네트워크,윤인성,2019-06-01,460,9791162241882,"혼자 해도 충분하다! 1:1 과외하듯 배우는 파이썬 프로그래밍 자습서(파이썬 최신 버전 반영)

이 책은 독학으로 프로그래밍 언어를 처음 배우려는 입문자가, 혹은 파이썬을 배우려는 입문자가 ‘꼭 필요한 내용을 제대로’ 학습할 수 있도록 구성했다. ‘무엇을’, ‘어떻게’ 학습해야 할지조차 모르는 입문자의 막연한 마음을 살펴, 과외 선생님이 알려주듯 친절하게, 그러나 핵심적인 내용만 콕콕 집어준다. 책의 첫 페이지를 펼쳐서 마지막 페이지를 덮을 때까지, 혼자서도 충분히 파이썬을 배울 수 있다는 자신감과 확신이 계속될 것이다! 

 

27명의 베타리더 검증으로, ‘함께 만든’ 입문자 맞춤형 도서

27명의 베타리더와 함께 구성하여 입문자에게 맞는 난이도, 분량, 학습 요소 등을 적극 반영했다. 어려운 용어와 개념은 한번 더 풀어 쓰고, 복잡한 설명은 눈에 잘 들어오는 그림으로 풀어 냈다. ‘혼자 공부해본’ 여러 입문자의 초심과 눈높이가 책 곳곳에 반영된 것이 이 책의 가장 큰 장점이다.",https://www.hanbit.co.kr/store/books/look.php?p_code=B2587075793
28,이것이 데이터 분석이다 with 파이썬,한빛출판네트워크,윤기태,2020-02-10,360,9791162242513,"실생활 예제로 쉽게, 단계별 분석에 따라 구조적으로 배우는 데이터 분석 입문서

데이터를 다루는 데 언어나 라이브러리는 도구일 뿐입니다. 진짜 중요한 것은 문제해결 능력입니다. 이 책은 주어진 문제를 어떻게 단계적으로 접근하면 좋을지에 대해 독자 친화적으로 가이드를 주는 책입니다. 프로그래밍 기초 지식만 있다면 통계에 대한 지식이 전혀 없는 비전공자도 데이터 분석에 입문할 수 있도록 쉽게 풀어썼습니다.

 

종합 예제를 통해 학습 내용을 입체적으로 실전에 적용해본다. 

중고 휴대폰 거래 가격 예측, 구매 데이터를 분석하여 상품 추천하기 등 종합적인 예제를 통해 앞에서 배운 내용을 입체적으로 실전에 적용해 볼 수 있습니다. 또 기본적인 데이터 전처리 및 시각화, 그리고 결과 회고에 이르기까지의 분석 사이클을 일정 수준까지 경험할 수 있습니다.",https://www.hanbit.co.kr/store/books/look.php?p_code=B2717499992
29,혼자 공부하는 자바,한빛출판네트워크,신용권,2019-06-10,708,9791162241875,"혼자 해도 충분하다! 1:1 과외하듯 배우는 자바 프로그래밍 자습서 (JAVA 8 &11 지원) 

이 책은 독학으로 자바를 배우는 입문자가 ‘꼭 필요한 내용을 제대로’ 학습할 수 있도록 구성했다. ‘무엇을’ ‘어떻게’ 학습해야 할지 조차 모르는 입문자의 막연한 마음을 살펴, 과외 선생님이 알려주듯 친절하게, 그러나 핵심적인 내용만 콕콕 집어준다. 책의 첫 페이지를 펼쳐서 마지막 페이지를 덮을 때까지, 혼자서도 충분히 자바를 배울 수 있다는 자신감과 확신이 계속될 것이다!

 

20명의 베타리더 검증으로, ‘함께 만든’ 입문자 맞춤형 도서

20명의 베타리더와 함께 구성하여 입문자에게 맞는 난이도, 분량, 학습 요소 등을 적극 반영했다. 어려운 용어와 개념은 한번 더 풀어 쓰고, 복잡한 설명은 눈에 잘 들어오는 그림으로 풀어 냈다. ‘혼자 공부해본’ 여러 입문자의 초심과 눈높이가 책 곳곳에 반영된 것이 이 책의 가장 큰 장점이다.",https://www.hanbit.co.kr/store/books/look.php?p_code=B5635758676
30,파이썬 라이브러리를 활용한 데이터 분석,한빛출판네트워크,웨스 맥키니,2019-05-20,664,9791162241905,"빅데이터 분석에 관한 가장 완벽한 교재! 

 

이 책은 NumPy, pandas, matplotlib, IPython, Jupyter 등 다양한 파이썬 라이브러리를 사용해서 효과적으로 데이터를 분석하는 방법을 알려준다. pandas의 새로운 기능뿐만 아니라 메모리 사용량을 줄이고 성능을 개선하는 고급 사용법까지 다룬다. 또한 모델링 도구인 statsmodels와 scikit-learn 라이브러리도 소개한다. 연대별 이름 통계 자료, 미 대선 데이터베이스 자료 등 실사례로 따라 하다 보면 어느덧 여러분도 데이터에 알맞게 접근하고 효과적으로 분석하는 전문가가 될 것이다. 

 

 

『파이썬 라이브러리를 활용한 데이터 분석』 드디어 개정!

 
이 책의 초판이 출간된 2012년은 pandas 개발 초기로, 파이썬용 오픈소스 데이터 분석 라이브러리가 흔하지 않았습니다. 이번에 pandas의 새로운 기능과 5년여간의 세월이 흐르는 동안 낡았거나 사용법이 바뀐 내용을 모두 반영하여 책 전반을 다시 다듬었습니다. 또한 당시에는 존재하지 않았거나 책에 싣기에는 불안했던 갓 나온 도구들을 새로 소개하는 내용을 추가했습니다. 2판의 주요 변경 사항은 다음과 같습니다.",https://www.hanbit.co.kr/store/books/look.php?p_code=B6417848794
31,이것이 리눅스다 ,한빛출판네트워크,우재남,2020-04-10,812,9791162242605,"리눅스 분야 5년간 부동의 1위,『이것이 리눅스다』최신 CentOS 8을 반영한 개정판 출간!

 

2015년 출간 후 리눅스 도서 분야 부동의 베스트셀러 1위를 지켜오던 『이것이 리눅스다』가 CentOS 8 버전을 반영하여 개정되었다. 1판보다 더욱 현장감 넘치는 실무 예제와 함께 리눅스의 ‘1층부터 옥상까지’ 탄탄히 기초를 쌓으며 올라가듯 상세한 실습 과정을 담았다.

 

 

실무형 리눅스 교재 + 50여개 무료 동영상 강좌+ 네이버 카페를 통한 저자 응답 서비스 = 독학 리눅서를 위한 완벽 패키지 제공!

 

이 책은 1대의 컴퓨터만으로도 실무와 똑같은 환경처럼 학습 가능하도록 구성된 실무형 리눅스 교재다. 따라서 실습 없이 지나치기 쉬운 서버 구축도 직접 따라해보며 실무 적응력을 높일 수 있다. 또 책만으로는 이해하기 어려운 실습도 무료로 제공되는 50여 개의 [저자 동영상 강의]를 보며 더욱 쉽게 익힐 수 있다. 그래도 어려운 부분이 있다면, 회원수 1만 명의 [이것이 리눅스다 네이버 카페]에 질문을 올려도 좋다. 저자가 직접 모든 질문에 1:1로 답변을 달아주며, 리눅스 최신 기술도 공유할 수 있다.   

이번 개정판도 ‘책 내용만 그대로 따라한다면 처음부터 마지막 장까지 막힘없이 실습 가능할 것’을 보장한다. 이제, 독학 리눅서를 위한 최고의 패키지와 함께 리눅스의 세계로 자신있게 진입하자!",https://www.hanbit.co.kr/store/books/look.php?p_code=B8529915277
32,혼자 공부하는 첫 프로그래밍 파이썬,한빛출판네트워크,문헌일,2020-06-30,336,9791162243039,"비전공자도 ‘혼공’ 할 수 있다!

1:1 과외하듯 배우는 왕초보 코딩 입문서

 

유튜브 강의! 그림으로 보여주는 ‘눈코딩’ 예제! 프로그램 설치 없이 온라인 실습! 부록 용어 노트! 이 모든 것을 제공하기에 비전공자도 프로그래밍을 독학할 수 있습니다.

이 책은 비전공자가 시중에 나온 프로그래밍 책을 이해할 수 있게, 기존 입문서보다 더 기초부터 알려줍니다. 프로그래밍을 배우기 전 알아야 하는 문법 원리를 비전공자의 눈높이에 맞춰 그림으로 보는 ‘눈코딩’으로 보여주고, 직접 따라 해보는 짧은 ‘손코딩’으로 연습합니다. 일상생활 속 친근한 예시로 프로그래밍이 어디에서 어떻게 쓰이는지를 알게 해, 이해가 쉽고 동기 부여가 됩니다.",https://www.hanbit.co.kr/store/books/look.php?p_code=B9609283195